{
  "exp_name": "jodie",
  "seed": 3,
  "best_epoch": 0,
  "test_ap": 0.9883067011833191,
  "test_auc": 0.9901159405708313,
  "tgb_test_mrr": 0.3396314538204311,
  "config": "configs/models/jodie.yml"
}