{
  "exp_name": "jodie_review",
  "seed": 3,
  "test_ap": 0.3506723940372467,
  "test_auc": 0.221297487616539,
  "tgb_test_mrr": 0.029987753637220168,
  "config": "configs/models/jodie_review.yml"
}