{
  "exp_name": "jodie",
  "seed": 2,
  "best_epoch": 0,
  "test_ap": 0.9881579279899597,
  "test_auc": 0.9901439547538757,
  "tgb_test_mrr": 0.30577935896323705,
  "config": "configs/models/jodie.yml"
}