{
  "exp_name": "jodie",
  "seed": 1,
  "best_epoch": 0,
  "test_ap": 0.9887135624885559,
  "test_auc": 0.9903972744941711,
  "tgb_test_mrr": 0.3346100012204193,
  "config": "configs/models/jodie.yml"
}