{
  "exp_name": "tgat",
  "seed": 2,
  "best_epoch": 0,
  "test_ap": 0.6820165514945984,
  "test_auc": 0.7654209136962891,
  "tgb_test_mrr": 0.16932761257019202,
  "config": "configs/models/tgat.yml"
}