{
  "exp_name": "tgn",
  "seed": 1,
  "best_epoch": 0,
  "test_ap": 0.9930001497268677,
  "test_auc": 0.9940942525863647,
  "tgb_test_mrr": 0.4373251785666541,
  "config": "configs/models/tgn.yml"
}