{
  "exp_name": "tgn",
  "seed": 2,
  "best_epoch": 0,
  "test_ap": 0.9929874539375305,
  "test_auc": 0.9940144419670105,
  "tgb_test_mrr": 0.29136066603517874,
  "config": "configs/models/tgn.yml"
}