{
  "exp_name": "tgn",
  "seed": 3,
  "best_epoch": 93,
  "test_ap": 0.9933341145515442,
  "test_auc": 0.9942744970321655,
  "tgb_test_mrr": 0.9781142203971043,
  "config": "configs/models/tgn.yml"
}