{
  "exp_name": "tgn_no_mem",
  "seed": 1,
  "test_ap": 0.6790158152580261,
  "test_auc": 0.7636057138442993,
  "tgb_test_mrr": 0.2920595176902229,
  "config": "configs/ablations/tgn_no_memory.yml"
}